Pattern,Scale
Simplifying systems,"Organizational, Institutional, Civic conditions"
Default during Enrollment,Immediate Choice Environment
Trust alignment,"Organizational, Institutional, Civic conditions"
Legislate and Communicate,Sociocultural system conditions
Community Agreements,"Organizational, Institutional, Civic conditions"
Awareness of Shared Resources,"Organizational, Institutional, Civic conditions"
Stop it Community Capaigns,"Organizational, Institutional, Civic conditions"
Norms of flex behaviors,"Organizational, Institutional, Civic conditions"
Keep it up norms,"Organizational, Institutional, Civic conditions"
Step it up norms,"Organizational, Institutional, Civic conditions"
Provide Justification,Immediate Choice Environment
The credible inform the eligible,Immediate Choice Environment
Reminders from group leaders,Immediate Choice Environment
Standarize eco-labels,Immediate Choice Environment
One good thing,Immediate Choice Environment
Attractive benchmarks,Immediate Choice Environment
What you lose,Immediate Choice Environment
Future thinking risks,Immediate Choice Environment
Kickstart and support,Immediate Choice Environment
Personalized plans,Immediate Choice Environment
Continious feedback app,Immediate Choice Environment
Pings,Immediate Choice Environment